Date,Region,Area (km square),Population (Consensus 2017),COVID-19 Lockdown (1= no lockdown        2= school closure          3 = Country wide lockdown),Cumulative Cases,Cumulative  tests performed,Cumulative  Test positive,Discharged,Cumulative Expired (region/province wise),Home Quarantine,Still admitted,No of hospitals ,Beds for COVID,Total Admitted,Admitted Stable,Admitted Critical,Admitted Venilator,Home Quarantine,Recovered,Quarantine Facilities,Cumulative Quarantined,Foreign Transmission Percentage ,Local Transmission Percentage 
11-03-20,ICT,906,"2,001,579",1,48,80,2,0,0,,2,,,,,,,,,,,,
11-03-20,Punjab,"205,345","119,017,465",1,61,95,0,0,0,,0,,,,,,,,,,,,
11-03-20,Sindh,"140,914","47,893,244",1,84,171,14,1,0,,13,,,,,,,,,,,,
11-03-20,KP,"74,521","39,523,371",1,20,28,0,0,0,,0,,,,,,,,,,,,
11-03-20,KPTD,"27,220","4,996,556",1,3,0,0,0,0,,0,,,,,,,,,,,,
11-03-20,Balochistan,"347,190","12,344,739",1,19,18,1,0,0,,1,,,,,,,,,,,,
11-03-20,AJK,"13,297","4,045,000",1,3,4,0,0,0,,0,,,,,,,,,,,,
11-03-20,GB,"72,496","1,900,000",1,10,26,2,0,0,,2,,,,,,,,,,,,
12-03-20,ICT,906,"2,001,579",1,52,85,2,0,0,,2,,,,,,,,,,,,
12-03-20,Punjab,"205,345","119,017,465",1,67,105,0,0,0,,0,,,,,,,,,,,,
12-03-20,Sindh,"140,914","47,893,244",2,89,198,14,2,0,,12,,,,,,,,,,,,
12-03-20,KP,"74,521","39,523,371",1,24,29,0,0,0,,0,,,,,,,,,,,,
12-03-20,KPTD,"27,220","4,996,556",1,3,0,0,0,0,,0,,,,,,,,,,,,
12-03-20,Balochistan,"347,190","12,344,739",1,23,18,1,0,0,,1,,,,,,,,,,,,
12-03-20,AJK,"13,297","4,045,000",1,3,8,0,0,0,,0,,,,,,,,,,,,
12-03-20,GB,"72,496","1,900,000",1,10,28,3,0,0,,3,,,,,,,,,,,,
13-03-20,ICT,906,"2,001,579",1,57,92,2,0,0,,2,,,,,,,,,,,,
13-03-20,Punjab,"205,345","119,017,465",1,71,110,0,0,0,,0,,,,,,,,,,,,
13-03-20,Sindh,"140,914","47,893,244",2,107,240,15,2,0,,13,,,,,,,,,,,,
13-03-20,KP,"74,521","39,523,371",1,27,30,0,0,0,,0,,,,,,,,,,,,
13-03-20,KPTD,"27,220","4,996,556",1,4,0,0,0,0,,0,,,,,,,,,,,,
13-03-20,Balochistan,"347,190","12,344,739",1,31,18,1,0,0,,1,,,,,,,,,,,,
13-03-20,AJK,"13,297","4,045,000",1,4,9,0,0,0,,0,,,,,,,,,,,,
13-03-20,GB,"72,496","1,900,000",1,17,32,3,0,0,,3,,,,,,,,,,,,
14-03-20,ICT,906,"2,001,579",1,62,99,3,0,0,,3,,,,,,,,,,,,
14-03-20,Punjab,"205,345","119,017,465",1,77,116,0,0,0,,0,,,,,,,,,,,,
14-03-20,Sindh,"140,914","47,893,244",2,119,282,16,3,0,,13,,,,,,,,,,,,
14-03-20,KP,"74,521","39,523,371",1,29,31,0,0,0,,0,,,,,,,,,,,,
14-03-20,KPTD,"27,220","4,996,556",1,4,0,0,0,0,,0,,,,,,,,,,,,
14-03-20,Balochistan,"347,190","12,344,739",1,45,35,6,0,0,,6,,,,,,,,,,,,
14-03-20,AJK,"13,297","4,045,000",1,4,10,0,0,0,,0,,,,,,,,,,,,
14-03-20,GB,"72,496","1,900,000",1,23,36,3,0,0,,3,,,,,,,,,,,,
15-03-20,ICT,906,"2,001,579",1,65,115,4,0,0,,4,,,,,,,,,,,,
15-03-20,Punjab,"205,345","119,017,465",1,83,126,0,0,0,,0,,,,,,,,,,,,
15-03-20,Sindh,"140,914","47,893,244",2,127,315,18,3,0,,15,,,,,,,,,,,,
15-03-20,KP,"74,521","39,523,371",1,30,32,0,0,0,,0,,,,,,,,,,,,
15-03-20,KPTD,"27,220","4,996,556",1,5,0,0,0,0,,0,,,,,,,,,,,,
15-03-20,Balochistan,"347,190","12,344,739",1,45,42,6,0,0,,6,,,,,,,,,,,,
15-03-20,AJK,"13,297","4,045,000",1,4,11,0,0,0,,0,,,,,,,,,,,,
15-03-20,GB,"72,496","1,900,000",1,23,45,3,0,0,,3,,,,,,,,,,,,
16-03-20,ICT,906,"2,001,579",1,69,147,4,0,0,,4,,,,,,,,,,,,
16-03-20,Punjab,"205,345","119,017,465",1,95,166,1,0,0,,1,,,,,,,,,,,,
16-03-20,Sindh,"140,914","47,893,244",2,135,364,34,3,0,,32,,,,,,,,,,,,
16-03-20,KP,"74,521","39,523,371",1,36,32,0,0,0,,0,,,,,,,,,,,,
16-03-20,KPTD,"27,220","4,996,556",1,5,0,0,0,0,,0,,,,,,,,,,,,
16-03-20,Balochistan,"347,190","12,344,739",1,70,40,5,0,0,,10,,,,,,,,,,,,
16-03-20,AJK,"13,297","4,045,000",1,9,11,0,0,0,,0,,,,,,,,,,,,
16-03-20,GB,"72,496","1,900,000",1,23,45,3,0,0,,3,,,,,,,,,,,,
17-Mar-2020,ICT,906,"2,001,579",1,76,581,4,1,0,,3,,,,,,,,,,,,
17-03-20,Punjab,"205,345","119,017,465",1,112,166,1,0,0,,1,,,,,,,,,,,,
17-03-20,Sindh,"140,914","47,893,244",2,140,554,150,3,0,,147,,,,,,,,,,,,
17-03-20,KP,"74,521","39,523,371",1,52,51,15,0,0,,15,,,,,,,,,,,,
17-03-20,KPTD,"27,220","4,996,556",1,5,0,0,0,0,,0,,,,,,,,,,,,
17-03-20,Balochistan,"347,190","12,344,739",1,103,163,14,0,0,,14,,,,,,,,,,,,
17-03-20,AJK,"13,297","4,045,000",1,20,11,0,0,0,,0,,,,,,,,,,,,
17-03-20,GB,"72,496","1,900,000",1,25,45,3,0,0,,3,,,,,,,,,,,,
18-03-20,ICT,906,"2,001,579",1,84,627,8,1,0,,3,,,,,,,,,,,,
18-03-20,Punjab,"205,345","119,017,465",1,129,133,26,0,0,,26,,,,,,,,,,,,
18-03-20,Sindh,"140,914","47,893,244",2,151,606,172,3,0,,169,,,,,,,,,,,,
18-03-20,KP,"74,521","39,523,371",1,58,42,17,0,0,,17,,,,,,,,,,,,
18-03-20,KPTD,"27,220","4,996,556",1,6,0,0,0,0,,0,,,,,,,,,,,,
18-03-20,Balochistan,"347,190","12,344,739",1,134,151,15,0,0,,15,,,,,,,,,,,,
18-03-20,AJK,"13,297","4,045,000",1,21,11,0,0,0,,0,,,,,,,,,,,,
18-03-20,GB,"72,496","1,900,000",1,29,51,3,0,0,,5,,,,,,,,,,,,
19-Mar-2020,ICT,906,"2,001,579",1,103,184,5,2,0,,3,,,,,,,,,,,,
19-03-20,Punjab,"205,345","119,017,465",1,158,254,33,0,0,,33,,,,,,,,,,,,
19-03-20,Sindh,"140,914","47,893,244",2,173,908,208,3,0,,205,,,,,,,,,,,,
19-03-20,KP,"74,521","39,523,371",1,72,67,19,0,2,,17,,,,,,,,,,,,
19-03-20,KPTD,"27,220","4,996,556",1,7,0,0,0,0,,0,,,,,,,,,,,,
19-03-20,Balochistan,"347,190","12,344,739",1,134,637,23,0,0,,23,,,,,,,,,,,,
19-03-20,AJK,"13,297","4,045,000",1,23,23,1,0,0,,1,,,,,,,,,,,,
19-03-20,GB,"72,496","1,900,000",1,64,90,13,0,0,,11,,,,,,,,,,,,
20-03-20,ICT,906,"2,001,579",1,137,277,10,2,0,,8,,,,,,,,,,,,
20-Mar-2020,Punjab,"205,345","119,017,465",1,182,872,80,0,0,,80,,,,,,,,,,,,
20-03-20,Sindh,"140,914","47,893,244",2,182,1210,245,3,0,,242,,,,,,,,,,,,
20-03-20,KP,"74,521","39,523,371",1,94,67,23,0,2,,21,,,,,,,,,,,,
20-03-20,KPTD,"27,220","4,996,556",1,19,0,0,0,0,,0,,,,,,,,,,,,
20-03-20,Balochistan,"347,190","12,344,739",1,650,805,81,0,0,,81,,,,,,,,,,,,
20-03-20,AJK,"13,297","4,045,000",1,36,36,1,0,0,,1,,,,,,,,,,,,
20-03-20,GB,"72,496","1,900,000",1,64,143,21,0,0,,21,,,,,,,,,,,,
21-Mar-2020,ICT,906,"2,001,579",1,171,325,11,2,0,,9,,,,,,,,,,,,
21-Mar-2020,Punjab,"205,345","119,017,465",1,196,894,96,0,0,,96,,,,,,,,,,,,
21-03-20,Sindh,"140,914","47,893,244",2,210,1497,253,3,1,,249,,,,,,,,,,,,
21-03-20,KP,"74,521","39,523,371",1,130,130,23,0,2,,21,,,,,,,,,,,,
21-03-20,KPTD,"27,220","4,996,556",1,21,0,0,0,0,,0,,,,,,,,,,,,
21-03-20,Balochistan,"347,190","12,344,739",1,698,805,81,0,0,,81,,,,,,,,,,,,
21-Mar-2020,AJK,"13,297","4,045,000",1,40,40,1,0,0,,1,,,,,,,,,,,,
21-03-20,GB,"72,496","1,900,000",1,310,310,30,0,0,,30,,,,,,,,,,,,
22-03-20,ICT,906,"2,001,579",1,188,366,11,2,0,,9,,,,,,,,,,,,
22-03-20,Punjab,"205,345","119,017,465",1,246,1361,152,0,0,,152,,,,,,,,,,,,
22-03-20,Sindh,"140,914","47,893,244",2,232,1497,396,3,1,,392,,,,,,,,,,,,
22-03-20,KP,"74,521","39,523,371",1,155,264,31,0,2,,29,,,,,,,,,,,,
22-03-20,KPTD,"27,220","4,996,556",1,21,0,0,0,0,,0,,,,,,,,,,,,
22-03-20,Balochistan,"347,190","12,344,739",1,1380,1380,104,0,0,,104,,,,,,,,,,,,
22-03-20,AJK,"13,297","4,045,000",1,42,42,1,0,0,,1,,,,,,,,,,,,
22-03-20,GB,"72,496","1,900,000",1,310,315,55,0,0,,55,,,,,,,,,,,,
23-Mar-2020,ICT,906,"2,001,579",1,198,404,15,2,0,,13,,,,,,,,,,,,
23-03-20,Punjab,"205,345","119,017,465",1,257,1436,225,0,0,,225,,,,,,,,,,,,
23-03-20,Sindh,"140,914","47,893,244",2,232,1512,333,4,1,,328,,,,,,,,,,,,
23-03-20,KP,"74,521","39,523,371",1,196,305,31,0,3,,28,,,,,,,,,,,,
23-03-20,Balochistan,"347,190","12,344,739",1,1405,1405,108,0,1,,107,,,,,,,,,,,,
23-03-20,AJK,"13,297","4,045,000",1,44,44,1,0,0,,1,,,,,,,,,,,,
23-03-20,GB,"72,496","1,900,000",1,310,338,71,0,0,,71,,,,,,,,,,,,
24-03-20,ICT,906,"2,001,579",1,226,427,15,2,0,,13,,,,,,,,,,,,
24-03-20,Punjab,"205,345","119,017,465",1,257,1436,249,0,0,,249,,,,,,,,,,,,
24-Mar-2020,Sindh,"140,914","47,893,244",2,232,1579,394,4,1,,389,,,,,,,,,,,,
24-03-20,KP,"74,521","39,523,371",1,431,448,38,0,3,,35,,,,,,,,,,,,
24-03-20,Balochistan,"347,190","12,344,739",1,1407,1407,110,0,1,,109,,,,,,,,,,,,
24-03-20,AJK,"13,297","4,045,000",1,60,60,1,0,0,,1,,,,,,,,,,,,
24-03-20,GB,"72,496","1,900,000",1,310,500,80,0,1,,79,,,,,,,,,,,,
25-03-20,ICT,906,"2,001,579",3,236,459,18,2,0,,16,,,,,,,,,,,,
25-03-20,Punjab,"205,345","119,017,465",3,257,1436,296,2,1,,293,,,,,,,,,,,,
25-03-20,Sindh,"140,914","47,893,244",3,238,1579,407,14,1,,392,,,,,,,,,,,,
25-03-20,KP,"74,521","39,523,371",3,538,566,78,0,3,,75,,,,,,,,,,,,
25-03-20,Balochistan,"347,190","12,344,739",3,1437,1437,110,0,1,,109,,,,,,,,,,,,
25-03-20,AJK,"13,297","4,045,000",3,65,66,1,0,0,,1,,,,,,,,,,,,
25-03-20,GB,"72,496","1,900,000",3,347,580,81,0,1,,80,,,,,,,,,,,,
26-03-20,ICT,906,"2,001,579",3,255,561,25,2,0,,8,,,,,,,,,,,,
26-Mar-2020,Punjab,"205,345","119,017,465",3,257,1436,323,3,2,,318,,,,,,,,,,,,
26-Mar-2020,Sindh,"140,914","47,893,244",3,295,1592,413,14,1,,398,,,,,,,,,,,,
26-Mar-2020,KP,"74,521","39,523,371",3,694,704,80,2,3,,75,,,,,,,,,,,,
26-Mar-2020,Balochistan,"347,190","12,344,739",3,1437,1455,131,0,1,,130,,,,,,,,,,,,
26-Mar-2020,AJK,"13,297","4,045,000",3,77,77,1,0,0,,1,,,,,,,,,,,,
26-Mar-2020,GB,"72,496","1,900,000",3,347,624,84,0,1,,83,,,,,,,,,,,,
27-Mar-2020,ICT,906,"2,001,579",3,712,712,25,2,0,,12,,,,,,,,,,,,
27-Mar-2020,Punjab,"205,345","119,017,465",3,1298,2257,408,3,3,,402,,,,,,,,,,,,
27-Mar-2020,Sindh,"140,914","47,893,244",3,4456,1592,417,14,1,,402,,,,,,,,,,,,
27-Mar-2020,KP,"74,521","39,523,371",3,704,917,123,2,3,,118,,,,,,,,,,,,
27-Mar-2020,Balochistan,"347,190","12,344,739",3,1494,1512,131,0,1,,130,,,,,,,,,,,,
27-Mar-2020,AJK,"13,297","4,045,000",3,83,83,2,0,0,,2,,,,,,,,,,,,
27-Mar-2020,GB,"72,496","1,900,000",3,777,762,91,2,1,,88,,,,,,,,,,,,
28-Mar-2020,ICT,906,"2,001,579",3,910,1056,39,2,0,,8,,,,,,,,,,,,
28-Mar-2020,Punjab,"205,345","119,017,465",3,3339,3310,490,4,5,,237,,,,,,,,,,,,
28-Mar-2020,Sindh,"140,914","47,893,244",3,4807,5158,457,14,1,,294,,,,,,,,,,,,
28-Mar-2020,KP,"74,521","39,523,371",3,820,1121,180,2,3,,50,,,,,,,,,,,,
28-Mar-2020,Balochistan,"347,190","12,344,739",3,1494,1657,133,2,1,,122,,,,,,,,,,,,
28-Mar-2020,AJK,"13,297","4,045,000",3,90,97,2,0,0,,2,,,,,,,,,,,,
28-Mar-2020,GB,"72,496","1,900,000",3,787,832,107,3,1,,12,,,,,,,,,,,,
29-Mar-2020,ICT,906,"2,001,579",3,1067,1213,43,2,0,30,11,,,,,,,,,,,,
29-Mar-2020,Punjab,"205,345","119,017,465",3,3521,3492,558,4,5,302,247,,,,,,,,,,,,
29-Mar-2020,Sindh,"140,914","47,893,244",3,5322,5673,481,14,2,171,294,,,,,,,,,,,,
29-Mar-2020,KP,"74,521","39,523,371",3,928,1229,188,2,4,122,60,,,,,,,,,,,,
29-Mar-2020,Balochistan,"347,190","12,344,739",3,1601,1737,138,2,1,5,130,,,,,,,,,,,,
29-Mar-2020,AJK,"13,297","4,045,000",3,97,97,2,0,0,0,2,,,,,,,,,,,,
29-Mar-2020,GB,"72,496","1,900,000",3,788,895,116,4,1,99,12,,,,,,,,,,,,
30-03-20,ICT,906,"2,001,579",3,1200,1310,51,3,0,35,13,,,,,,,,,,,,
30-03-20,Punjab,"205,345","119,017,465",3,3616,3492,593,5,6,329,253,,,,,,,,,,,,
30-03-20,Sindh,"140,914","47,893,244",3,5945,5945,508,16,5,181,306,,,,,,,,,,,,
30-03-20,KP,"74,521","39,523,371",3,1022,1324,195,2,5,128,60,,,,,,,,,,,,
30-03-20,Balochistan,"347,190","12,344,739",3,1695,1710,144,2,1,8,133,,,,,,,,,,,,
30-03-20,AJK,"13,297","4,045,000",3,105,105,6,0,0,0,6,,,,,,,,,,,,
30-03-20,GB,"72,496","1,900,000",3,862,862,128,4,1,111,12,,,,,,,,,,,,
31-03-20,ICT,906,"2,001,579",3,1395,1469,58,3,0,39,16,,,,,,,,,,,,
31-03-20,Punjab,"205,345","119,017,465",3,3770,2500,652,5,9,335,303,,,,,,,,,,,,
31-03-20,Sindh,"140,914","47,893,244",3,6328,6328,627,42,7,263,315,,,,,,,,,,,,
31-03-20,KP,"74,521","39,523,371",3,1334,1512,221,2,6,143,70,,,,,,,,,,,,
31-03-20,Balochistan,"347,190","12,344,739",3,1825,1792,153,2,1,11,139,,,,,,,,,,,,
31-03-20,AJK,"13,297","4,045,000",3,177,177,6,0,0,0,6,,,,,,,,,,,,
31-03-20,GB,"72,496","1,900,000",3,880,880,148,4,2,130,12,,,,,,,,,,,,
01-04-20,ICT,906,"2,001,579",3,1703,1703,54,3,0,35,16,,,,,,,,,,,,
01-04-20,Punjab,"205,345","119,017,465",3,4462,2720,708,5,9,337,357,,,,,,,,,,,,
01-04-20,Sindh,"140,914","47,893,244",3,6578,6578,676,51,8,232,385,,,,,,,,,,,,
01-04-20,KP,"74,521","39,523,371",3,1524,1271,253,2,6,171,74,,,,,,,,,,,,
01-04-20,Balochistan,"347,190","12,344,739",3,1934,1934,158,17,1,16,124,,,,,,,,,,,,
01-04-20,AJK,"13,297","4,045,000",3,239,239,6,0,0,0,6,,,,,,,,,,,,
01-04-20,GB,"72,496","1,900,000",3,891,750,184,4,2,166,12,,,,,,,,,,,,
02-04-20,ICT,906,"2,001,579",3,1997,1997,62,3,0,44,15,,,,,,,,,,,,
02-04-20,Punjab,"205,345","119,017,465",3,5086,2945,845,6,11,444,384,,,,,,,,,,,,
02-04-20,Sindh,"140,914","47,893,244",3,6926,6926,743,58,9,289,387,,,,,,,,,,,,
02-04-20,KP,"74,521","39,523,371",3,1814,1814,276,19,8,165,84,,,,,,,,,,,,
02-04-20,Balochistan,"347,190","12,344,739",3,2049,2049,169,17,1,26,125,,,,,,,,,,,,
02-04-20,AJK,"13,297","4,045,000",3,249,249,9,0,0,0,9,,,,,,,,,,,,
02-04-20,GB,"72,496","1,900,000",3,894,797,187,4,2,169,12,,,,,,,,,,,,
03-04-20,ICT,906,"2,001,579",3,2395,2395,68,3,0,47,18,,,,,,,,,,,,
03-04-20,Punjab,"205,345","119,017,465",3,5522,15134,920,6,11,447,456,,,,,,,,,,,,
03-04-20,Sindh,"140,914","47,893,244",3,7504,7504,783,65,11,297,410,,,,,,,,,,,,
03-04-20,KP,"74,521","39,523,371",3,1938,1938,311,30,9,180,92,,,,,,,,,,,,
03-04-20,Balochistan,"347,190","12,344,739",3,2171,2171,169,17,1,26,125,,,,,,,,,,,,
03-04-20,AJK,"13,297","4,045,000",3,322,322,9,0,0,0,9,,,,,,,,,,,,
03-04-20,GB,"72,496","1,900,000",3,961,844,190,5,3,170,12,,,,,,,,,,,,
04-04-20,AJK,"13,297","4,045,000",3,343,343,11,0,0,0,11,14,262,11,11,0,0,0,0,57,192,0.27,0.73
04-04-20,Balochistan,"347,190","12,344,739",3,2401,2401,175,17,1,25,132,74,1699,132,132,0,0,25,17,68,273,0.8,0.19
04-04-20,GB,"72,496","1,900,000",3,963,860,193,9,3,169,12,26,151,12,12,0,0,169,9,47,274,0.83,0.17
04-04-20,ICT,906,"2,001,579",3,2569,2569,75,3,0,58,14,2,40,14,12,2,0,58,3,6,243,0.23,0.77
04-04-20,KP,"74,521","39,523,371",3,2369,1624,343,30,11,210,92,141,3046,92,87,5,0,210,30,102,3306,0.68,0.32
04-04-20,Punjab,"205,345","119,017,465",3,5456,16508,1072,6,11,549,506,147,1592,506,505,1,0,549,6,33,4254,0.73,0.27
04-04-20,Sindh,"140,914","47,893,244",3,8625,8625,839,65,14,369,391,45,505,391,386,5,0,369,65,5,1363,0.41,0.59
05-04-20,AJK,"13,297","4,045,000",3,385,385,12,1,0,0,11,14,262,11,11,0,0,0,1,57,170,0.25,0.75
05-04-20,Balochistan,"347,190","12,344,739",3,2513,2513,185,17,1,34,133,87,1699,133,133,0,0,34,17,68,335,0.76,0.24
05-04-20,GB,"72,496","1,900,000",3,1058,975,206,9,3,182,12,26,151,12,12,0,0,182,9,47,274,0.83,0.17
05-04-20,ICT,906,"2,001,579",3,2744,2744,78,3,0,65,10,2,40,10,8,2,0,65,3,10,426,0.22,0.78
05-04-20,KP,"74,521","39,523,371",3,2548,1769,372,30,14,233,95,141,3046,95,85,10,0,233,30,103,3342,0.65,0.35
05-04-20,Punjab,"205,345","119,017,465",3,7859,17653,1163,25,12,600,526,147,1592,526,525,1,0,600,25,33,12001,0.71,0.3
05-04-20,Sindh,"140,914","47,893,244",3,8846,8846,864,85,15,374,390,45,505,390,385,5,0,374,85,5,1363,0.4,0.6
06-04-20,AJK,"13,297","4,045,000",3,400,400,15,1,0,0,14,14,262,14,14,0,0,0,1,57,171,0.4,0.6
06-04-20,Balochistan,"347,190","12,344,739",3,3504,2777,191,30,1,48,112,87,1699,112,112,0,0,48,30,68,304,0.74,0.23
06-04-20,GB,"72,496","1,900,000",3,1062,998,210,13,3,182,12,26,151,12,12,0,0,182,13,47,145,0.8,0.2
06-04-20,ICT,906,"2,001,579",3,2871,2871,82,3,0,68,11,2,40,11,9,2,0,68,3,10,105,0.21,0.79
06-04-20,KP,"74,521","39,523,371",3,2882,1974,405,62,16,207,120,141,3046,120,117,3,0,207,62,103,3417,0.59,0.4
06-04-20,Punjab,"205,345","119,017,465",3,8682,17724,1493,25,15,800,653,147,1592,653,652,1,0,800,25,34,12374,0.72,0.28
06-04-20,Sindh,"140,914","47,893,244",3,9131,9131,881,123,15,380,363,45,505,363,352,11,0,380,123,5,1363,0.4,0.6
07-04-20,AJK,"13,297","4,045,000",3,484,484,18,1,0,0,17,14,262,17,17,0,0,0,1,57,157,0.33,0.67
07-04-20,Balochistan,"347,190","12,344,739",3,3456,2998,202,63,1,51,87,87,1699,87,86,1,0,51,63,68,313,0.7,0.3
07-04-20,GB,"72,496","1,900,000",3,1111,1015,211,15,3,179,14,26,151,14,14,0,0,179,15,47,148,0.79,0.2
07-04-20,ICT,906,"2,001,579",3,2921,2921,83,3,1,62,17,2,40,17,16,1,0,62,3,10,161,0.2,0.8
07-04-20,KP,"74,521","39,523,371",3,3016,2103,500,69,17,276,138,141,3046,138,135,3,0,276,69,107,3487,0.5,0.5
07-04-20,Punjab,"205,345","119,017,465",3,9386,20073,1918,25,15,1127,751,147,1592,751,743,8,0,1127,25,34,12374,0.7,0.3
07-04-20,Sindh,"140,914","47,893,244",3,9589,9589,932,253,17,375,287,45,505,287,272,15,0,375,253,5,97,0.37,0.63
08-04-20,AJK,"13,297","4,045,000",3,534,534,19,1,0,0,18,14,262,18,18,0,0,0,1,57,173,0.32,0.68
08-04-20,Balochistan,"347,190","12,344,739",3,3549,3091,206,75,2,52,77,87,1699,77,77,0,0,52,75,68,267,0.68,0.32
08-04-20,GB,"72,496","1,900,000",3,1175,1127,212,15,3,180,14,26,151,14,14,0,0,180,15,47,121,0.79,0.21
08-04-20,ICT,906,"2,001,579",3,3096,3096,92,3,1,71,17,2,40,17,16,1,0,71,3,12,320,0.18,0.82
08-04-20,KP,"74,521","39,523,371",3,3068,2262,527,70,18,242,197,141,3046,197,194,3,0,242,70,107,3487,0.48,0.52
08-04-20,Punjab,"205,345","119,017,465",3,10347,21826,2030,34,16,1267,713,147,1592,713,706,7,0,1267,34,34,13005,0.7,0.3
08-04-20,Sindh,"140,914","47,893,244",3,10223,10223,986,269,18,396,303,45,505,303,289,14,0,396,269,5,97,0.35,0.65
09-04-20,AJK,"13,297","4,045,000",3,581,581,28,1,0,0,27,14,262,27,27,0,0,0,1,57,160,0.21,0.79
09-04-20,Balochistan,"347,190","12,344,739",3,3709,3216,212,76,2,57,77,87,1699,77,77,0,0,57,76,68,401,0.67,0.33
09-04-20,GB,"72,496","1,900,000",3,1211,1143,213,96,3,100,14,26,151,14,14,0,0,100,96,47,90,0.79,0.21
09-04-20,ICT,906,"2,001,579",3,3233,3233,102,10,1,80,11,2,40,11,10,1,0,80,10,14,208,0.17,0.83
09-04-20,KP,"74,521","39,523,371",3,3322,2662,560,74,20,298,168,141,3046,168,162,6,0,298,74,107,3487,0.45,0.55
09-04-20,Punjab,"205,345","119,017,465",3,11741,23080,2171,35,17,1367,752,147,1592,752,744,8,0,1367,35,34,13005,0.68,0.32
09-04-20,Sindh,"140,914","47,893,244",3,10981,10981,1036,280,20,382,354,45,505,354,338,16,0,382,280,5,97,0.34,0.66
10-04-20,AJK,"13,297","4,045,000",3,631,631,33,1,0,0,32,15,292,32,32,0,0,0,1,57,159,0.18,0.82
10-04-20,Balochistan,"347,190","12,344,739",3,4009,3405,219,89,1,59,70,87,1699,70,69,1,0,59,89,68,356,0.68,0.32
10-04-20,GB,"72,496","1,900,000",3,1334,1266,215,111,3,87,14,26,151,14,14,0,0,87,111,47,80,0.78,0.21
10-04-20,ICT,906,"2,001,579",3,3375,3375,107,10,1,78,18,2,40,18,17,1,0,78,10,14,413,0.16,0.84
10-04-20,KP,"74,521","39,523,371",3,3687,2871,620,128,22,269,201,141,3046,201,181,20,0,269,128,107,3487,0.4,0.6
10-04-20,Punjab,"205,345","119,017,465",3,13720,31535,2279,39,18,1477,745,147,1592,745,740,5,0,1477,39,36,13026,0.67,0.33
10-04-20,Sindh,"140,914","47,893,244",3,11623,11623,1128,349,21,436,322,169,4688,322,304,18,0,436,349,17,38,0.31,0.69
11-04-20,AJK,"13,297","4,045,000",3,745,745,34,1,0,0,33,15,292,33,33,0,0,0,1,58,181,0.18,0.82
11-04-20,Balochistan,"347,190","12,344,739",3,4109,3694,220,95,1,56,68,87,1699,68,68,0,0,56,95,68,327,0.67,0.33
11-04-20,GB,"72,496","1,900,000",3,1424,1334,215,125,3,70,17,26,151,17,17,0,0,70,125,47,80,0.78,0.21
11-04-20,ICT,906,"2,001,579",3,3480,3480,113,13,1,84,15,113,40,15,14,1,0,84,13,16,257,0.15,0.85
11-04-20,KP,"74,521","39,523,371",3,3768,3046,656,131,25,299,201,141,3046,201,181,20,0,299,131,107,3487,0.39,0.62
11-04-20,Punjab,"205,345","119,017,465",3,15850,33328,2336,39,19,1514,764,147,1592,764,756,8,0,1514,39,37,13026,0.66,0.34
11-04-20,Sindh,"140,914","47,893,244",3,12209,12209,1214,358,22,521,313,169,4688,313,292,21,0,521,358,17,35,0.29,0.71
12-04-20,AJK,"13,297","4,045,000",3,813,813,35,1,0,0,34,15,292,34,34,0,0,0,1,61,302,0.17,0.83
12-04-20,Balochistan,"347,190","12,344,739",3,4099,3812,228,95,2,70,62,87,1699,62,62,0,0,70,95,68,283,0.65,0.35
12-04-20,GB,"72,496","1,900,000",3,1488,1408,216,146,3,58,9,26,151,9,9,0,0,58,146,47,47,0.78,0.22
12-04-20,ICT,906,"2,001,579",3,3570,3570,119,13,1,88,17,2,40,17,15,2,0,88,13,16,257,0.14,0.86
12-04-20,KP,"74,521","39,523,371",3,4232,3259,697,142,31,314,210,141,3046,210,203,7,0,314,142,107,3487,0.36,0.64
12-04-20,Punjab,"205,345","119,017,465",3,18520,36199,2425,258,21,1381,765,147,1592,765,756,9,0,1381,258,37,12893,0.67,0.33
12-04-20,Sindh,"140,914","47,893,244",3,12740,12740,1318,371,28,576,343,169,4688,343,324,19,0,576,371,17,63,0.26,0.74
13-04-20,AJK,"13,297","4,045,000",3,910,910,40,2,0,0,38,15,292,38,38,0,0,0,2,61,307,0.18,0.83
13-04-20,Balochistan,"347,190","12,344,739",3,4222,3906,230,123,2,65,40,87,1699,40,40,0,0,65,123,68,272,0.64,0.36
13-04-20,GB,"72,496","1,900,000",3,1553,1476,224,149,3,63,9,26,151,9,9,0,0,63,149,47,63,0.75,0.25
13-04-20,ICT,906,"2,001,579",3,3836,3836,131,15,1,91,24,2,40,24,21,3,0,91,15,16,229,0.14,0.86
13-04-20,KP,"74,521","39,523,371",3,4305,3478,744,145,34,354,211,141,3046,211,202,9,0,354,145,107,3487,0.35,0.64
13-04-20,Punjab,"205,345","119,017,465",3,19395,38199,2594,272,23,1467,832,147,1592,832,822,10,0,1467,272,37,12902,0.63,0.37
13-04-20,Sindh,"140,914","47,893,244",3,13309,13309,1411,389,30,645,347,169,4688,347,325,22,0,645,389,17,63,0.25,0.75
14-04-20,AJK,"13,297","4,045,000",3,992,992,43,4,0,0,39,16,304,39,39,0,0,0,4,60,313,0.17,0.84
14-04-20,Balochistan,"347,190","12,344,739",3,4341,4012,231,124,2,71,34,87,1699,34,34,0,0,71,124,68,376,0.64,0.36
14-04-20,GB,"72,496","1,900,000",3,1644,1563,233,155,3,66,9,26,151,9,9,0,0,66,155,47,60,0.73,0.27
14-04-20,ICT,906,"2,001,579",3,3947,3947,131,15,1,96,19,2,40,19,16,3,0,96,15,16,279,0.14,0.86
14-04-20,KP,"74,521","39,523,371",3,4783,3793,800,153,35,401,211,141,3046,211,202,9,0,401,153,107,3487,0.34,0.67
14-04-20,Punjab,"205,345","119,017,465",3,21885,41781,2826,508,24,1592,702,147,1592,702,693,9,0,1592,508,37,12902,0.6,0.4
14-04-20,Sindh,"140,914","47,893,244",3,13840,13840,1452,419,31,648,354,169,4688,354,329,25,0,648,419,17,37,0.24,0.76
15-04-20,AJK,"13,297","4,045,000",3,1029,1029,46,4,0,0,42,16,304,42,42,0,0,0,4,60,249,0.15,0.85
15-04-20,Balochistan,"347,190","12,344,739",3,4298,4100,240,137,2,81,20,87,1699,20,20,0,0,81,137,68,307,0.62,0.38
15-04-20,GB,"72,496","1,900,000",3,1742,1618,234,175,3,51,5,26,151,5,5,0,0,51,175,47,51,0.73,0.27
15-04-20,ICT,906,"2,001,579",3,4473,4473,140,17,1,106,16,2,40,16,15,1,0,106,17,16,129,0.13,0.87
15-04-20,KP,"74,521","39,523,371",3,5088,4151,865,178,38,438,211,141,3046,211,202,9,0,438,178,107,3487,0.31,0.69
15-04-20,Punjab,"205,345","119,017,465",3,24726,43565,2945,508,28,1650,759,147,1592,759,750,9,0,1650,508,37,12106,0.59,0.41
15-04-20,Sindh,"140,914","47,893,244",3,14503,14503,1518,427,35,613,443,169,4688,443,418,25,0,613,427,17,58,0.23,0.77
16-04-20,AJK,"13,297","4,045,000",3,1081,1081,46,9,0,0,37,16,304,37,37,0,0,0,9,60,256,0.15,0.85
16-04-20,Balochistan,"347,190","12,344,739",3,4370,4299,280,140,3,112,25,87,1699,25,25,0,0,112,140,68,441,0.53,0.47
16-04-20,GB,"72,496","1,900,000",3,1839,1664,237,178,3,51,5,26,151,5,5,0,0,51,178,43,73,0.72,0.28
16-04-20,ICT,906,"2,001,579",3,4824,4824,145,17,1,110,17,2,40,17,16,1,0,110,17,16,362,0.12,0.88
16-04-20,KP,"74,521","39,523,371",3,5410,4524,912,191,42,468,211,141,3046,211,202,9,0,468,191,107,3487,0.3,0.71
16-04-20,Punjab,"205,345","119,017,465",3,27803,46561,3217,550,34,1877,756,147,1592,756,747,9,0,1877,550,231,12106,0.54,0.46
16-04-20,Sindh,"140,914","47,893,244",3,16026,16026,1668,560,41,748,319,169,4688,319,299,20,0,748,560,17,50,0.21,0.79
17-04-20,AJK,"13,297","4,045,000",3,1135,1135,46,9,0,0,37,16,304,37,37,0,0,0,9,60,257,0.15,0.85
17-04-20,Balochistan,"347,190","12,344,739",3,4490,4427,303,142,5,123,33,87,1699,33,33,0,0,123,142,68,541,0.49,0.51
17-04-20,GB,"72,496","1,900,000",3,1932,1826,245,183,3,54,5,26,151,5,5,0,0,54,183,47,65,0.7,0.3
17-04-20,ICT,906,"2,001,579",3,5150,5150,154,20,1,111,22,2,40,22,21,1,0,111,20,16,299,0.12,0.88
17-04-20,KP,"74,521","39,523,371",3,5758,4885,993,205,45,513,230,141,3046,230,223,7,0,513,205,107,3487,0.29,0.71
17-04-20,Punjab,"205,345","119,017,465",3,29326,48381,3276,630,36,1843,767,147,1592,767,750,17,0,1843,630,231,12072,0.57,0.43
17-04-20,Sindh,"140,914","47,893,244",3,18900,18900,2008,576,45,1120,267,169,4688,267,248,19,0,1120,576,17,4326,0.17,0.83
18-04-20,AJK,"13,297","4,045,000",3,1175,1175,48,9,0,0,39,16,304,39,39,0,0,0,9,60,257,0.14,0.85
18-04-20,Balochistan,"347,190","12,344,739",3,5025,4812,335,142,5,148,40,87,1699,40,40,0,0,148,142,68,500,0.45,0.56
18-04-20,GB,"72,496","1,900,000",3,2313,2021,250,192,3,50,5,26,151,5,5,0,0,50,192,41,60,0.68,0.32
18-04-20,ICT,906,"2,001,579",3,5479,5479,163,20,1,129,13,3,45,13,11,2,0,129,20,16,299,0.11,0.89
18-04-20,KP,"74,521","39,523,371",3,6140,5311,1077,216,50,531,280,141,3046,280,273,7,0,531,216,107,3487,0.26,0.73
18-04-20,Punjab,"205,345","119,017,465",3,31245,52478,3391,672,37,1895,787,147,1592,787,773,14,0,1895,672,231,12072,0.56,0.44
18-04-20,Sindh,"140,914","47,893,244",3,21272,21272,2217,581,47,872,717,169,4688,717,699,18,0,872,581,17,2734,0.16,0.84
19-04-20,AJK,"13,297","4,045,000",3,1229,1229,48,9,0,0,39,16,304,39,39,0,0,0,9,60,239,0.14,0.85
19-04-20,Balochistan,"347,190","12,344,739",3,5485,5085,376,144,5,176,51,88,1699,51,51,0,0,176,144,68,356,0.4,0.61
19-04-20,GB,"72,496","1,900,000",3,2429,2169,257,193,3,56,5,26,151,5,5,0,0,56,193,41,59,0.67,0.33
19-04-20,ICT,906,"2,001,579",3,5857,5857,171,20,2,134,15,3,45,15,12,3,0,134,20,16,299,0.11,0.89
19-04-20,KP,"74,521","39,523,371",3,6531,6003,1137,226,60,557,294,141,3046,294,287,7,0,557,226,107,3487,0.25,0.75
19-04-20,Punjab,"205,345","119,017,465",3,33199,55241,3649,684,41,1932,992,147,1592,992,974,18,0,1932,684,231,0,0.55,0.45
19-04-20,Sindh,"140,914","47,893,244",3,22938,22938,2355,592,48,951,764,169,4688,764,745,19,0,951,592,17,2734,0.15,0.85
20-04-20,AJK,"13,297","4,045,000",3,1275,1275,49,10,0,0,39,16,304,39,39,0,0,0,10,60,238,0.14,0.86
20-04-20,Balochistan,"347,190","12,344,739",3,5793,5315,432,152,5,207,68,88,1699,68,68,0,0,207,152,68,477,0.34,0.66
20-04-20,GB,"72,496","1,900,000",3,2657,2430,263,194,3,62,4,26,151,4,4,0,0,62,194,43,88,0.65,0.35
20-04-20,ICT,906,"2,001,579",3,5976,5976,181,20,3,142,16,3,45,16,13,3,0,142,20,16,283,0.1,0.9
20-04-20,KP,"74,521","39,523,371",3,7090,6544,1235,267,67,605,296,141,3046,296,287,9,0,605,267,107,3487,0.24,0.77
20-04-20,Punjab,"205,345","119,017,465",3,34084,58304,3721,702,42,1975,1002,147,1592,1002,985,17,0,1975,702,231,4630,0.55,0.45
20-04-20,Sindh,"140,914","47,893,244",3,24458,24458,2537,625,56,1065,791,169,4688,791,776,15,0,1065,625,17,2694,0.14,0.86
21-04-20,AJK,"13,297","4,045,000",3,1355,1355,50,16,0,0,34,16,304,34,34,0,0,0,16,60,168,0.14,0.86
21-04-20,Balochistan,"347,190","12,344,739",3,6391,5636,465,161,6,231,67,96,2136,67,67,0,0,231,161,68,556,0.31,0.68
21-04-20,GB,"72,496","1,900,000",3,2827,2604,281,195,3,79,4,26,151,4,4,0,0,79,195,43,100,0.61,0.39
21-04-20,ICT,906,"2,001,579",3,6224,6224,185,20,3,148,14,2,40,14,11,3,0,148,20,16,191,0.1,0.9
21-04-20,KP,"74,521","39,523,371",3,8340,9360,1276,297,74,577,328,141,3046,328,320,8,0,577,297,262,0,0.22,0.77
21-04-20,Punjab,"205,345","119,017,465",3,35890,60649,4195,742,45,2257,1151,147,1592,1151,1137,14,0,2257,742,231,4630,0.52,0.48
21-04-20,Sindh,"140,914","47,893,244",3,26058,26058,2764,635,61,1223,845,169,4688,845,818,27,0,1223,635,17,2458,0.12,0.87
22-04-20,AJK,"13,297","4,045,000",3,1416,1416,51,23,0,0,28,16,304,28,28,0,0,0,23,60,195,0.14,0.86
22-04-20,Balochistan,"347,190","12,344,739",3,7650,6130,552,168,8,294,82,96,2136,82,82,0,0,294,168,68,550,0.26,0.73
22-04-20,GB,"72,496","1,900,000",3,3047,2859,290,201,3,76,10,26,151,10,10,0,0,76,201,43,218,0.59,0.41
22-04-20,ICT,906,"2,001,579",3,6931,6931,204,26,3,167,8,22,207,8,7,1,0,167,26,16,94,0.09,0.91
22-04-20,KP,"74,521","39,523,371",3,9828,10837,1453,414,83,605,351,200,4093,351,345,6,0,605,414,250,3645,0.2,0.8
22-04-20,Punjab,"205,345","119,017,465",3,38965,66030,4590,790,58,21452,1290,188,2674,1290,1273,17,0,21452,790,233,4655,0.26,0.74
22-04-20,Sindh,"140,914","47,893,244",3,30346,30346,3373,715,69,1579,1010,169,4688,1010,974,36,0,1579,715,17,588,0.1,0.9
23-04-20,AJK,"13,297","4,045,000",3,1471,1471,55,0,0,0,30,16,304,30,30,0,0,0,25,60,170,0.13,0.87
23-04-20,Balochistan,"347,190","12,344,739",3,8358,6504,607,346,8,0,79,96,2136,79,79,0,0,346,174,68,726,0.24,0.76
23-04-20,GB,"72,496","1,900,000",3,3239,2998,300,75,3,0,10,26,151,10,10,0,0,75,212,43,108,0.57,0.43
23-04-20,ICT,906,"2,001,579",3,7519,7519,214,173,3,0,12,22,207,12,11,1,0,173,26,16,102,0.08,0.92
23-04-20,KP,"74,521","39,523,371",3,10954,11963,1541,628,85,0,373,200,4093,373,332,41,0,628,455,279,797,0.21,0.79
23-04-20,Punjab,"205,345","119,017,465",3,40157,67882,4767,2497,65,0,1300,188,2674,1300,1280,20,0,2497,905,233,4655,0.25,0.75
23-04-20,Sindh,"140,914","47,893,244",3,33028,33028,3671,1805,73,0,1063,169,4688,1063,1014,49,0,1805,730,17,745,0.13,0.87
24-04-20,AJK,"13,297","4,045,000",3,1522,1522,55,0,0,0,27,16,304,27,27,0,0,0,28,60,163,0.13,0.87
24-04-20,Balochistan,"347,190","12,344,739",3,8794,6742,656,393,10,0,77,96,2136,77,69,8,0,393,176,68,800,0.22,0.77
24-04-20,GB,"72,496","1,900,000",3,3434,3162,307,81,3,0,10,26,151,10,10,0,0,81,213,43,105,0.56,0.44
24-04-20,ICT,906,"2,001,579",3,8059,8059,223,177,3,0,14,22,358,14,12,2,0,177,29,16,298,0.08,0.92
24-04-20,KP,"74,521","39,523,371",3,12100,13109,1708,738,89,12,409,200,4093,409,361,36,12,738,472,279,612,0.22,0.78
24-04-20,Punjab,"205,345","119,017,465",3,41126,69971,5046,2577,73,20,1331,188,2674,1331,1309,2,20,2577,1065,233,5165,0.25,0.75
24-04-20,Sindh,"140,914","47,893,244",3,35582,35582,3945,1893,75,14,1205,169,4688,1205,1158,33,14,1893,772,17,765,0.12,0.88
25-04-20,AJK,"13,297","4,045,000",3,1588,1588,55,0,0,0,23,16,304,23,23,0,0,0,32,60,181,0.13,0.87
25-04-20,Balochistan,"347,190","12,344,739",3,10404,7212,722,449,11,0,86,96,2136,86,83,3,0,449,176,68,962,0.2,0.8
25-04-20,GB,"72,496","1,900,000",3,3591,3273,308,79,3,0,10,26,151,10,10,0,0,79,216,43,116,0.56,0.44
25-04-20,ICT,906,"2,001,579",3,8455,8455,235,188,3,0,15,22,358,15,13,2,0,188,29,16,295,0.08,0.92
25-04-20,KP,"74,521","39,523,371",3,12921,13930,1793,760,93,10,455,200,4093,455,405,40,10,760,485,279,1200,0.21,0.79
25-04-20,Punjab,"205,345","119,017,465",3,42456,71726,5378,2577,81,25,1594,188,2674,1594,1566,3,25,2577,1126,233,5165,0.23,0.76
25-04-20,Sindh,"140,914","47,893,244",3,38181,38181,4232,2146,78,14,1206,169,4688,1206,1162,30,14,2146,802,17,765,0.12,0.89
